1,Juan Perez,Calle Principal 123
2,Maria Garcia,Avenida Central 456
3,Luis Martinez,Plaza Mayor 789
4,Ana Lopez,Calle 10 de Octubre 1011
5,Pablo Ramirez,Avenida Libertad 1213
6,Andrea Torres,Av. de los Rosales 1415
7,Carlos Fernandez,Calle Sol 1617
8,Sofia Sanchez,Paseo de la Luna 1819
9,Diego Rodriguez,Av. del Parque 2021
10,Valeria Gomez,Calle del Sol 2223
11,Alejandro Diaz,Paseo de la Aurora 2425
12,Isabel Martin,Av. de las Flores 2627
13,Jorge Hernandez,Calle del Cielo 2829
14,Monica Ruiz,Paseo de las Estrellas 3031
15,Luisa Garcia,Calle del Rio 3233
16,Raul Castro,Av. de las Palmeras 3435
17,Carmen Perez,Paseo del Bosque 3637
18,Fernando Soto,Calle del Jardin 3839
19,Adriana Vargas,Av. de la Montana 4041
20,Eduardo Reyes,Paseo del Mar 4243
21,Marta Navarro,Calle del Campo 4445
22,Pedro Morales,Av. del Bosque 4647
23,Laura Medina,Paseo del Sol 4849
24,Ruben Munoz,Calle del Lago 5051
25,Paola Jimenez,Av. del Rio 5253
26,Miguel Torres,Paseo del Monte 5455
27,Diana Castro,Calle del Mar 5657
28,Oscar Ramirez,Av. de la Playa 5859
29,Sara Lopez,Paseo del Puerto 6061
30,Antonio Sanchez,Calle de la Isla 6263
31,Victoria Rodriguez,Av. del Faro 6465
32,Roberto Gomez,Paseo del Coral 6667
33,Ana Maria Diaz,Calle del Arrecife 6869
34,Lucas Fernandez,Av. del Horizonte 7071
35,Julia Vazquez,Paseo del Acantilado 7273
36,Manuel Herrera,Calle de la Bahia 7475
37,Carolina Flores,Av. de la Costa 7677
38,Mario Velazquez,Paseo del Pescador 7879
39,Alma Cruz,Calle del Viento 8081
40,Ricardo Ramos,Av. de la Brisa 8283
41,Andres Rosales,Paseo del Alba 8485
42,Elena Gutierrez,Calle del Amanecer 8687
43,Javier Ortiz,Av. de la Noche 8889
44,Silvia Nunez,Paseo del Crepusculo 9091
45,Hector Aguilar,Calle del Atardecer 9293
46,Marisol Morales,Av. de la Luna 9495
47,Guillermo Rivera,Paseo de la Aurora 9697
48,Isabella Medina,Calle del Ocaso 9899
49,Jesus Torres,Av. del Crepusculo 100101
50,Gabriela Fernandez,Paseo del Anochecer 102103
51,Alexandra Perez,Calle de la Oscuridad 104105
52,Roberto Garcia,Av. de la Medianoche 106107
53,Estefania Lopez,Paseo de las Sombras 108109
54,Juan Carlos Ramirez,Calle de la Niebla 110111
55,Beatriz Gonzalez,Av. del Misterio 112113
56,Rodrigo Diaz,Paseo del Ensueño 114115
57,Daniela Martinez,Calle de los Secretos 116117
58,Arturo Soto,Av. de la Ensenada 118119
59,Mariana Vargas,Paseo de la Penumbra 120121
60,Francisco Reyes,Calle de las Tinieblas 122123
61,Paula Navarro,Av. del Miedo 124125
62,Raul Munoz,Paseo del Horror 126127
63,Maria Teresa Jimenez,Calle del Terror 128129
64,Juan Pablo Torres,Av. de la Pesadilla 130131
65,Veronica Sanchez,Paseo de la Muerte 132133
66,Miguel Angel Gutierrez,Calle del Susurro 134135
67,Carolina Ortiz,Av. de la Sombra 136137
68,Adrian Nunez,Paseo del Silencio 138139
69,Laura Gonzalez,Calle del Espectro 140141
70,Jorge Martinez,Av. del Fantasma 142143
71,Lucia Flores,Paseo de la Oscuridad 144145
72,Eduardo Ramirez,Calle de la Perdición 146147
73,Diana Hernandez,Av. del Abismo 148149
74,Alejandro Torres,Paseo de la Desolación 150151
75,Ana Karen Rodriguez,Calle del Desastre 152153
76,Carlos Alberto Perez,Av. de la Desesperación 154155
77,Marisol Martinez,Paseo del Lamento 156157
78,Rodolfo Gomez,Calle de la Destrucción 158159
79,Valentina Vazquez,Av. del Olvido 160161
80,Gabriel Medina,Paseo de la Ruina 162163
81,Andrea Soto,Calle de la Agonía 164165
82,Javier Ramirez,Av. del Vacío 166167
83,Monica Jimenez,Paseo del Vacío 168169
84,Alejandro Torres,Calle de la Nada 170171
85,Veronica Garcia,Av. de la Soledad 172173
86,Sergio Perez,Paseo del Abandono 174175
87,Cristina Rodriguez,Calle de la Desolación 176177
88,Pedro Martinez,Av. del Silencio 178179
89,Carla Soto,Paseo de la Melancolía 180181
90,Luisa Fernandez,Calle de la Tristeza 182183
